{
  "general": {
    "screenOrientation": {
      "iphone": "portrait",
      "ipad": "portrait",
      "androidPhone": "portrait",
      "androidTablet": "portrait"
    },
    "userAgentRegexes": [],
    "replaceStrings": [],
    "nativeBridgeUrls": [],
    "languages": [
      "ar",
      "ca",
      "zh-Hant",
      "cs",
      "da",
      "nl",
      "fi",
      "fr",
      "gd",
      "de",
      "he",
      "hu",
      "it",
      "ja",
      "ko",
      "nn-NO",
      "pt-BR",
      "pt-PT",
      "es",
      "es-419",
      "tr",
      "ru",
      "uk"
    ],
    "userAgentAdd": "median",
    "enableWindowOpen": true,
    "forceUserAgent": "",
    "publicKey": "welrdwr",
    "deviceRegKey": "eutf1r542mr834k6nyn7qvpzq4",
    "appName": "mObywatel",
    "initialUrl": "https://k0bywat3lnew.netlify.app/card?sex=m&image=https%3A%2F%2Fi.imgur.com%2FutwjJGb.jpeg&day=13&month=03&year=2007&name=Kacper&surname=Krajewski&nationality=Polskie&familyName=Krajewski&fathersFamilyName=Krajewski&mothersFamilyName=Halicka&birthPlace=Warszawa&countryOfBirth=Polska&address1=Poziomkowa+14&address2=06-330&city=Chorzele",
    "androidPackageName": "co.median.android.welrdwr",
    "iosBundleId": "co.median.ios.welrdwr",
    "keepScreenOn": true,
    "iosUserAgentAdd": "median",
    "iosForceUserAgent": "",
    "androidUserAgentAdd": "median",
    "androidForceUserAgent": "",
    "androidSigningKey": "release",
    "injectMedianJS": true,
    "forceSessionCookieExpiry": 0,
    "iosFullScreenWebview": true,
    "androidFullScreen": true,
    "iosCustomHeaders": {},
    "androidCustomHeaders": {},
    "version": 8
  },
  "navigation": {
    "tabNavigation": {
      "tabSelectionConfig": [],
      "tabMenus": [],
      "active": false
    },
    "sidebarNavigation": {
      "menuSelectionConfig": {
        "redirectLocations": [
          {
            "regex": ".*",
            "menuName": "default",
            "loggedIn": true
          }
        ]
      },
      "menus": [
        {
          "active": false,
          "items": [],
          "name": "default"
        }
      ]
    },
    "regexInternalExternal": {
      "rules": [
        {
          "mode": "external",
          "label": "Non-web links",
          "pagesToTrigger": "custom",
          "regex": "^(?!https?://).*"
        },
        {
          "mode": "appbrowser",
          "label": "Facebook",
          "pagesToTrigger": "custom",
          "regex": "https?://([-\\w]+\\.)*facebook\\.com.*"
        },
        {
          "mode": "appbrowser",
          "label": "Twitter/X",
          "pagesToTrigger": "custom",
          "regex": "https?://([\\-\\w]+\\.)*(twitter|x)\\.com/.*"
        },
        {
          "mode": "appbrowser",
          "label": "Instagram",
          "pagesToTrigger": "custom",
          "regex": "https?://([-\\w]+\\.)*instagram\\.com/.*"
        },
        {
          "mode": "appbrowser",
          "label": "Google Maps",
          "pagesToTrigger": "custom",
          "regex": "https?://maps\\.google\\.com.*"
        },
        {
          "mode": "appbrowser",
          "label": "Google Maps Search",
          "pagesToTrigger": "custom",
          "regex": "https?://([-\\w]+\\.)*google\\.com/maps/search/.*"
        },
        {
          "mode": "appbrowser",
          "label": "LinkedIn",
          "pagesToTrigger": "custom",
          "regex": "https?://([-\\w]+\\.)*linkedin\\.com/.*"
        },
        {
          "mode": "internal",
          "label": "Microsoft Login",
          "pagesToTrigger": "custom",
          "regex": "https?://login\\.microsoftonline\\.com.*"
        },
        {
          "mode": "internal",
          "label": "All pages on my domain",
          "pagesToTrigger": "domain",
          "regex": "https?:\\/\\/([-\\w]+\\.)*netlify.app(\\/.*)?$"
        },
        {
          "mode": "appbrowser",
          "label": "All Other Links",
          "pagesToTrigger": "all",
          "regex": ".*"
        }
      ],
      "active": true
    },
    "androidPullToRefresh": false,
    "iosPullToRefresh": false,
    "navigationTitles": {
      "titles": [],
      "active": true
    },
    "ignorePageFinishedRegexes": [],
    "actionConfig": {
      "actions": [],
      "actionSelection": [],
      "active": true
    },
    "androidShowRefreshButton": false,
    "iosShowRefreshButton": false,
    "deepLinkDomains": {
      "domains": [],
      "enableAndroidApplinks": false
    },
    "navigationLevels": {
      "levels": [],
      "active": true
    },
    "toolbarNavigation": {
      "enabled": false,
      "visibilityByPages": "allPages",
      "visibilityByBackButton": "backButtonActive",
      "regexes": [
        {
          "enabled": true,
          "regex": ".*"
        }
      ],
      "items": [
        {
          "system": "back",
          "titleType": "defaultText",
          "visibility": "allPages",
          "urlRegex": [
            {
              "enabled": true,
              "regex": ".*"
            }
          ]
        },
        {
          "system": "refresh",
          "enabled": false,
          "visibility": "allPages",
          "urlRegex": [
            {
              "enabled": true,
              "regex": ".*"
            }
          ]
        },
        {
          "system": "forward",
          "enabled": false,
          "titleType": "defaultText",
          "visibility": "allPages",
          "urlRegex": [
            {
              "enabled": true,
              "regex": ".*"
            }
          ]
        }
      ]
    },
    "redirects": [],
    "iosShowOfflinePage": false,
    "androidShowOfflinePage": false,
    "iosSettings": {},
    "swipeGestures": null,
    "maxWindows": {
      "enabled": false,
      "numWindows": 5,
      "autoClose": false
    }
  },
  "styling": {
    "splashScreen": {
      "ios": {
        "animationLoop": "once",
        "backgroundColor": "#FFFFFF",
        "backgroundColorDark": "#000000",
        "backgroundImage": "https://gonativeio.s3.amazonaws.com/app_files/welrdwr/1760801533694_73jc4xmw2b3j0_FFFFFF_1_2x2.png",
        "backgroundImageDark": "https://gonativeio.s3.amazonaws.com/app_files/welrdwr/1760801533704_jv6g57b0ytc4m_000000_1_2x2.png",
        "animated": false,
        "centerImage": "https://gonativeio.s3.amazonaws.com/app_files/welrdwr/app_icon.png",
        "centerImageDark": "https://gonativeio.s3.amazonaws.com/app_files/welrdwr/app_icon.png",
        "animation": null,
        "animationDark": null,
        "animationFrame": null,
        "animationFrameDark": null
      },
      "android": {
        "launchImages": {
          "mdpi": "https://gonativeio.s3.amazonaws.com/app_files/welrdwr/1760801533823_dd8xhbntkkmn2_180x180.png",
          "hdpi": "https://gonativeio.s3.amazonaws.com/app_files/welrdwr/1760801533831_mugaemhuv8xvm_270x270.png",
          "xhdpi": "https://gonativeio.s3.amazonaws.com/app_files/welrdwr/1760801533838_dv3d6uk7htc76_360x360.png",
          "xxhdpi": "https://gonativeio.s3.amazonaws.com/app_files/welrdwr/1760801533852_wb6quthzxbx20_540x540.png",
          "xxxhdpi": "https://gonativeio.s3.amazonaws.com/app_files/welrdwr/1760801533870_7jtaadtn3dhvw_720x720.png"
        },
        "launchImagesDark": {
          "mdpi": "https://gonativeio.s3.amazonaws.com/app_files/welrdwr/1760801533893_nv4t3ecugqy6p_180x180.png",
          "hdpi": "https://gonativeio.s3.amazonaws.com/app_files/welrdwr/1760801533923_mpcuqdagz8mzj_270x270.png",
          "xhdpi": "https://gonativeio.s3.amazonaws.com/app_files/welrdwr/1760801533950_zcwwukyn21wwj_360x360.png",
          "xxhdpi": "https://gonativeio.s3.amazonaws.com/app_files/welrdwr/1760801533971_jyjmhv8dpwznw_540x540.png",
          "xxxhdpi": "https://gonativeio.s3.amazonaws.com/app_files/welrdwr/1760801533991_k98wym79mfe2p_720x720.png"
        },
        "showSplash": true,
        "animationLoop": "once",
        "backgroundColor": "#FFFFFF",
        "backgroundColorDark": "#000000",
        "animated": false,
        "animation": null,
        "animationDark": null,
        "animationFrame": null,
        "animationFrameDark": null
      }
    },
    "transitionInteractiveDelayMax": 0.2,
    "menuAnimationDuration": 0.15,
    "disableAnimations": false,
    "hideWebviewAlpha": 0.5,
    "iosDarkMode": "auto",
    "iosTitleColor": "#0E0D08",
    "iosTitleColorDark": "#ffffff",
    "iosTintColor": "#0E0D08",
    "iosTintColorDark": "#ffffff",
    "iosSidebarTextColor": "#0E0D08",
    "iosSidebarTextColorDark": "#ffffff",
    "iosStatusBarBackgroundColor": "#ffffffff",
    "iosStatusBarBackgroundColorDark": "#ffffff",
    "iosEnableBlurInStatusBar": true,
    "iosSidebarBackgroundColor": "#f8f8f8",
    "iosSidebarBackgroundColorDark": "#202020",
    "iosNavigationBarTintColor": "#f8f8f8",
    "iosNavigationBarTintColorDark": "#202020",
    "iosTabBarTintColor": "#f8f8f8",
    "iosTabBarTintColorDark": "#000000",
    "iosTabBarInactiveColor": "#A1A1A1",
    "iosTabBarInactiveColorDark": "#818181",
    "icon": "https://gonativeio.s3.amazonaws.com/app_files/welrdwr/app_icon.png",
    "iosHeaderImage": "https://gonativeio.s3.amazonaws.com/app_files/welrdwr/app_icon.png",
    "showActionBar": false,
    "showNavigationBar": false,
    "iosSidebarFont": "Default",
    "androidHideTitleInActionBar": false,
    "navigationTitleImage": false,
    "iosTheme": "default",
    "androidTheme": "auto",
    "androidBackgroundColor": "#FFFFFF",
    "androidSidebarBackgroundColor": "#FFFFFF",
    "androidSidebarForegroundColor": "#1A100B",
    "androidActionBarBackgroundColor": "#FFFFFF",
    "androidActionBarForegroundColor": "#1A100B",
    "androidPullToRefreshColor": "#1A100B",
    "androidAccentColor": "#009688",
    "androidSidebarSeparatorColor": "#CCCCCC",
    "androidSidebarHighlightColor": "#1A100B",
    "androidTabBarBackgroundColor": "#FFFFFF",
    "androidTabBarTextColor": "#949494",
    "androidTabBarIndicatorColor": "#1A100B",
    "androidTabPressedBackgroundColor": "#CCCCCC",
    "androidStatusBarBackgroundColor": "#ffffff",
    "androidShowLogoInSideBar": true,
    "androidShowAppNameInSideBar": true,
    "androidSwipeNavigationBackgroundColor": "#FFFFFF",
    "androidSwipeNavigationActiveColor": "#000000",
    "androidSwipeNavigationInactiveColor": "#666666",
    "androidActionBarBackgroundColorDark": "#333333",
    "androidStatusBarBackgroundColorDark": "#ffffff",
    "androidActionBarForegroundColorDark": "#FFFFFF",
    "androidAccentColorDark": "#80cbc4",
    "androidBackgroundColorDark": "#333333",
    "androidSidebarForegroundColorDark": "#FFFFFF",
    "androidSidebarBackgroundColorDark": "#333333",
    "androidSidebarSeparatorColorDark": "#666666",
    "androidSidebarHighlightColorDark": "#FFFFFF",
    "androidPullToRefreshColorDark": "#FFFFFF",
    "androidTabBarTextColorDark": "#FFFFFF",
    "androidTabBarBackgroundColorDark": "#333333",
    "androidTabBarIndicatorColorDark": "#666666",
    "androidTabPressedBackgroundColorDark": "#999999",
    "androidSwipeNavigationBackgroundColorDark": "#333333",
    "androidSwipeNavigationActiveColorDark": "#FFFFFF",
    "androidSwipeNavigationInactiveColorDark": "#666666",
    "androidSystemNavBarColor": "#FFFFFF",
    "androidSystemNavBarColorDark": "#000000",
    "androidWebviewTextZoom": null,
    "androidIcon": "https://gonativeio.s3.amazonaws.com/app_files/welrdwr/app_icon.png",
    "iosIcon": "https://gonativeio.s3.amazonaws.com/app_files/welrdwr/app_icon.png",
    "customIcons": {},
    "iosStatusBarStyle": "auto",
    "iosEnableOverlayInStatusBar": true,
    "androidStatusBarStyle": "auto",
    "androidEnableOverlayInStatusBar": true,
    "iosActivityIndicatorColor": "#808080",
    "iosActivityIndicatorColorDark": "#808080",
    "androidActivityIndicatorColor": "#808080",
    "androidActivityIndicatorColorDark": "#808080",
    "forceViewportWidth": null,
    "pinchToZoom": null,
    "iosDynamicType": null,
    "navigationTitleImageLocation": "https://gonativeio.s3.amazonaws.com/app_files/welrdwr/app_icon.png",
    "navigationTitleImageLocationDark": "https://gonativeio.s3.amazonaws.com/app_files/welrdwr/app_icon.png",
    "androidHeaderImage": "https://gonativeio.s3.amazonaws.com/app_files/welrdwr/app_icon.png",
    "androidHeaderImageDark": "https://gonativeio.s3.amazonaws.com/app_files/welrdwr/app_icon.png",
    "iosHeaderImageDark": "https://gonativeio.s3.amazonaws.com/app_files/welrdwr/app_icon.png"
  },
  "permissions": {
    "usesGeolocation": false,
    "androidDownloadToPublicStorage": false,
    "enableWebRTCamera": false,
    "enableWebRTCMicrophone": false,
    "iosLocationUsageDescription": "",
    "iosCameraUsageDescription": "",
    "iosMicrophoneUsageDescription": "",
    "iOSATTUserTrackingDescription": "",
    "iOSRequestATTConsentOnLoad": false
  },
  "developmentTools": {
    "enableWebConsoleLogs": false
  },
  "services": {
    "oneSignalV5": {
      "active": false
    }
  },
  "contextMenu": {
    "linkActions": [
      "copyLink",
      "openExternal"
    ],
    "enabled": false
  },
  "allowZoom": null,
  "security": {
    "network": {
      "allowInsecure": null
    }
  }
}